3bqc (30-300),4kwp (30-300),3mb7(30-300),3nsz(30-300),3h30 (30-300),5csv(30-300),5cu4 (30-300),5cu6(30-300),2pvr (30-300),4rll (30-300),5cvg (30-300),3owk (30-300),5cs6 (30-300),3q04 (30-300),3r0t (30-300),5csp (30-300),3pe1(30-300),5clp [b] (30-300),3q9w (30-300)
0.241195,0.257424,0.240256,0.2373,0.225947,0.246288,0.244724,0.25105,0.245431,0.24837,0.248622,0.231658,0.258981,0.247831,0.254694,0.246024,0.248479,0.261263,0.253153
0.043304,0.0546684,0.0400191,0.0336048,0.0352739,0.0475366,0.0355668,0.0495428,0.0524897,0.0473902,0.0418112,0.036274,0.0405322,0.0510535,0.0527638,0.0445941,0.0453814,0.0421693,0.0502158
0.0712873,0.0830967,0.0768193,0.152037,0.0667309,0.0684274,0.0772559,0.0720155,0.0779765,0.0672774,0.0840961,0.074404,0.110581,0.0701106,0.0830251,0.0719893,0.0800043,0.0939908,0.0789714
0.228803,0.211084,0.22087,0.287883,0.239741,0.231347,0.247623,0.221339,0.219509,0.226448,0.215192,0.225111,0.275651,0.224747,0.213499,0.23032,0.217337,0.259687,0.219061
0.304518,0.287353,0.294171,0.3956,0.317262,0.292998,0.309518,0.29153,0.294803,0.298854,0.296317,0.297777,0.385589,0.298151,0.285517,0.292115,0.287832,0.310127,0.288159
0.568085,0.553689,0.560081,0.628033,0.583663,0.557245,0.573993,0.557361,0.562631,0.569086,0.564594,0.562943,0.632747,0.566546,0.554829,0.560116,0.556336,0.570962,0.556442
0.841712,0.83787,0.839706,0.81435,0.850326,0.834986,0.842954,0.833488,0.836106,0.835281,0.821989,0.835329,0.826241,0.83399,0.840133,0.83902,0.836374,0.833513,0.835929
0.976539,0.962269,0.967451,0.968624,0.990079,0.964195,0.980718,0.962472,0.965091,0.973258,0.955697,0.969223,0.977825,0.970171,0.960775,0.966211,0.960924,0.982225,0.961995
0.757854,0.740502,0.74611,0.771666,0.780288,0.743234,0.763992,0.740732,0.745429,0.759895,0.743162,0.747561,0.77307,0.748423,0.737829,0.743595,0.740902,0.770924,0.743289
0.923542,0.902646,0.918563,0.91587,0.927691,0.910378,0.919016,0.913067,0.914181,0.923369,0.897454,0.914088,0.922215,0.912754,0.905727,0.912452,0.906663,0.938741,0.90437
1.23558,1.21934,1.22161,1.21881,1.22657,1.22628,1.22583,1.22589,1.23502,1.24077,1.20044,1.22053,1.21608,1.23055,1.22662,1.22742,1.21834,1.23702,1.22095
1.36298,1.35593,1.34305,1.34636,1.33992,1.3614,1.35071,1.3659,1.37114,1.37397,1.33097,1.35255,1.32653,1.36223,1.36304,1.36275,1.34778,1.34763,1.3445
1.46334,1.45856,1.43538,1.42305,1.44634,1.46522,1.45016,1.46432,1.47526,1.47747,1.43637,1.45201,1.39874,1.46876,1.46349,1.46104,1.44473,1.42457,1.45035
1.55843,1.5689,1.54487,1.52936,1.5626,1.57769,1.56011,1.57571,1.5866,1.58755,1.55959,1.53064,1.49104,1.57666,1.57789,1.57613,1.54735,1.53,1.53992
1.55075,1.56422,1.53027,1.50413,1.54321,1.5624,1.52204,1.56909,1.57129,1.56254,1.53103,1.54434,1.47506,1.57645,1.56345,1.56063,1.54262,1.50832,1.54615
1.34761,1.36404,1.32746,1.2946,1.33936,1.35661,1.31736,1.36538,1.37537,1.36119,1.33483,1.3394,1.26643,1.38107,1.36237,1.35376,1.34058,1.30136,1.34161
1.37134,1.42645,1.37253,1.32815,1.41057,1.39615,1.33874,1.40958,1.438,1.39142,1.36702,1.3796,1.29532,1.4295,1.41028,1.39655,1.39585,1.3454,1.36799
1.40283,1.43012,1.40841,1.35559,1.44094,1.42328,1.3746,1.43631,1.41214,1.41819,1.39494,1.40515,1.32816,1.43947,1.41103,1.41654,1.37667,1.35833,1.40288
1.27418,1.26188,1.28599,1.23505,1.29453,1.26633,1.24507,1.31052,1.27607,1.25823,1.25721,1.27004,1.20715,1.25861,1.26761,1.26486,1.24819,1.27732,1.26276
1.22912,1.16846,1.25545,1.13968,1.20189,1.20395,1.19815,1.26782,1.21562,1.18157,1.21043,1.23815,1.14319,1.16458,1.20888,1.19526,1.21231,1.29669,1.19052
1.00621,1.00054,1.0473,1.08216,1.05618,1.0123,0.989449,1.02104,1.03376,1.01412,1.01331,1.0274,0.960063,0.994553,1.00836,1.02139,1.02432,1.14388,0.995743
1.07509,1.09369,1.09614,1.12972,1.09235,1.08129,1.05443,1.08898,1.10668,1.08294,1.05812,1.0913,1.03337,1.0869,1.0893,1.08361,1.08603,1.09218,1.06964
1.27263,1.29718,1.28114,1.31158,1.28153,1.28263,1.24104,1.30113,1.30922,1.27143,1.24208,1.28378,1.22985,1.30261,1.27879,1.2844,1.27282,1.26888,1.26862
1.10488,1.11947,1.10369,1.12747,1.10332,1.11198,1.077,1.12502,1.13417,1.10686,1.07352,1.10963,1.0578,1.12498,1.11387,1.11499,1.10739,1.08809,1.09857
1.19713,1.20119,1.18775,1.1987,1.19385,1.20247,1.17453,1.21426,1.21819,1.21047,1.16398,1.19938,1.15227,1.20951,1.21203,1.20248,1.19631,1.17684,1.1858
1.10035,1.09052,1.07408,1.0736,1.09662,1.09714,1.08457,1.10168,1.10661,1.10706,1.06684,1.08282,1.04725,1.09916,1.09968,1.09466,1.08117,1.06847,1.08324
1.05514,1.04581,1.03419,1.03397,1.04881,1.0517,1.03694,1.05265,1.05923,1.05917,1.01428,1.0395,1.01797,1.05514,1.0505,1.04912,1.04059,1.04157,1.04583
0.91584,0.907007,0.903461,0.896681,0.909812,0.91209,0.912269,0.910873,0.914636,0.92356,0.887116,0.902426,0.903497,0.915711,0.91413,0.912192,0.907188,0.917915,0.902613
0.694411,0.665321,0.674477,0.691131,0.700798,0.66896,0.682624,0.665763,0.677446,0.693257,0.667428,0.671517,0.684655,0.674803,0.669163,0.67255,0.667971,0.701898,0.678269
0.856177,0.828213,0.844113,0.865822,0.865939,0.833948,0.851943,0.829875,0.839693,0.859194,0.839165,0.843806,0.865297,0.834685,0.830119,0.837297,0.833871,0.881004,0.839119
0.568355,0.522298,0.553319,0.583363,0.579936,0.534964,0.57094,0.52725,0.538581,0.563887,0.567624,0.551823,0.587442,0.535219,0.526813,0.540702,0.530315,0.597955,0.543222
0.429865,0.399087,0.415985,0.434064,0.454279,0.408322,0.428532,0.395701,0.398698,0.434822,0.428441,0.410801,0.449196,0.405783,0.402923,0.414184,0.405426,0.458235,0.414795
0.694773,0.677175,0.676487,0.649399,0.697337,0.680527,0.691596,0.666928,0.671633,0.701799,0.652958,0.67729,0.69573,0.676904,0.684528,0.678152,0.683732,0.711203,0.687021
0.504768,0.489658,0.488397,0.471238,0.503101,0.487435,0.502263,0.47904,0.489871,0.514861,0.471386,0.48628,0.50203,0.487029,0.493338,0.487249,0.491546,0.517054,0.49629
0.672778,0.655854,0.652201,0.636772,0.672596,0.662006,0.66635,0.652739,0.663639,0.678923,0.625953,0.650786,0.650374,0.662066,0.665894,0.661536,0.655898,0.680849,0.668297
0.603857,0.589154,0.589604,0.575439,0.594803,0.596804,0.594977,0.592951,0.599352,0.612829,0.565709,0.602739,0.586592,0.595327,0.595175,0.598701,0.592117,0.590617,0.592586
0.713837,0.708221,0.70531,0.723829,0.704692,0.71467,0.707192,0.720137,0.720103,0.722503,0.679742,0.714989,0.685358,0.712889,0.72836,0.716912,0.719174,0.697392,0.701876
0.823934,0.820552,0.82119,0.850398,0.814113,0.82752,0.817093,0.828623,0.834185,0.835408,0.793851,0.826154,0.805427,0.829126,0.831079,0.830823,0.826737,0.808668,0.81158
0.838577,0.85308,0.840749,0.864457,0.836706,0.83924,0.823574,0.842034,0.854362,0.839108,0.816951,0.837397,0.813191,0.852219,0.842128,0.843863,0.841983,0.826857,0.836261
1.01629,1.04107,1.02396,1.07054,1.02023,1.02081,1.00549,1.02724,1.03941,1.02041,0.994514,1.01791,1.00171,1.03918,1.02775,1.02772,1.02194,1.01259,1.0138
0.904848,0.936406,0.915466,1.00381,0.924469,0.919471,0.906974,0.924827,0.936048,0.916209,0.886945,0.918608,0.902825,0.929244,0.917044,0.928045,0.916904,0.930564,0.907544
1.15398,1.17301,1.15185,1.23827,1.17948,1.1696,1.15578,1.1788,1.19506,1.1748,1.15579,1.15734,1.12835,1.1657,1.16655,1.18789,1.17437,1.20963,1.15514
1.09485,1.11901,0.905165,1.1609,1.10846,1.12658,1.12024,1.12987,1.16223,1.15542,1.15333,0.927196,1.07277,1.11886,1.12398,1.16779,1.15517,1.0716,1.09701
0.820085,0.851404,0.852263,0.880894,0.834752,0.844061,0.854938,0.858413,0.910806,0.913545,0.900092,0.865505,0.813359,0.847107,0.864199,0.94879,0.892951,0.948041,0.831515
0.575294,0.592279,0.52833,0.626173,0.571612,0.584313,0.589996,0.544408,0.532152,0.558801,0.595943,0.515661,0.575813,0.590327,0.574691,0.593859,0.555549,0.588796,0.574404
0.40704,0.39845,0.405475,0.419214,0.417928,0.406393,0.406789,0.478142,0.378732,0.40569,0.411945,0.399026,0.415722,0.407216,0.382816,0.40414,0.413147,0.420824,0.414768
0.157479,0.152279,0.198776,0.170366,0.18123,0.163112,0.152771,0.395158,0.150321,0.170882,0.168296,0.185111,0.168013,0.160171,0.187531,0.160657,0.176833,0.187545,0.163183
0.272107,0.271808,0.275561,0.297839,0.277609,0.276276,0.274799,0.329761,0.254517,0.269093,0.275254,0.276877,0.276827,0.275772,0.269823,0.272173,0.273313,0.276631,0.274095
0.3316,0.312248,0.337566,0.329145,0.338489,0.331789,0.328896,0.32503,0.323261,0.320522,0.334644,0.344889,0.326872,0.329841,0.326661,0.327407,0.334801,0.323375,0.330074
0.0363949,0.0241751,0.0376969,0.0321015,0.0456329,0.0414763,0.0382723,0.02473,0.0340717,0.0341443,0.0380371,0.044186,0.0415745,0.0299259,0.0288426,0.0470869,0.0305651,0.0485262,0.0335233
0.0921012,0.107343,0.0927297,0.0957117,0.0845323,0.0913118,0.0955135,0.105471,0.0964508,0.0972367,0.0936418,0.0866105,0.0949042,0.10079,0.100944,0.093723,0.0952105,0.0891462,0.0953626
0.0320978,0.0220353,0.0344517,0.0367511,0.0380415,0.0339621,0.0288008,0.0235875,0.0272123,0.025872,0.0288797,0.040349,0.0283551,0.026095,0.0255355,0.0356642,0.0283262,0.0299735,0.0267554
0.0510537,0.0602597,0.0502339,0.0562509,0.0451353,0.0492259,0.0513174,0.0630666,0.0504009,0.0526368,0.0531223,0.0476121,0.0509182,0.0519607,0.0555753,0.048387,0.0547731,0.0507493,0.0558662
0.354036,0.365085,0.356437,0.355443,0.345357,0.354498,0.359651,0.374586,0.357418,0.35631,0.356885,0.351162,0.355532,0.361149,0.360978,0.356739,0.360985,0.352506,0.358452
0.397315,0.406789,0.398964,0.400291,0.388321,0.398499,0.40195,0.411158,0.402271,0.398808,0.401731,0.393153,0.402844,0.400821,0.402341,0.397999,0.402535,0.397948,0.396952
0.279466,0.287328,0.284069,0.282147,0.276708,0.278177,0.283122,0.290687,0.281024,0.282012,0.284977,0.279073,0.283209,0.278826,0.282443,0.277725,0.284857,0.280301,0.282032
0.480983,0.484853,0.484506,0.48151,0.467092,0.476044,0.480254,0.489231,0.479999,0.482368,0.482337,0.472691,0.475878,0.481087,0.484409,0.475992,0.482422,0.474378,0.482758
0.743903,0.747479,0.745961,0.744827,0.731189,0.741921,0.746222,0.755079,0.743126,0.743455,0.745099,0.735705,0.744685,0.744664,0.748091,0.742516,0.74557,0.740145,0.743801
0.687903,0.692139,0.690388,0.685366,0.670327,0.682761,0.691773,0.697723,0.688924,0.691725,0.691332,0.680272,0.685004,0.686,0.69116,0.681516,0.689075,0.684628,0.684318
0.604491,0.598402,0.603819,0.589787,0.592108,0.593699,0.603652,0.604163,0.599451,0.604029,0.602746,0.597875,0.588621,0.595401,0.60117,0.59344,0.601553,0.5977,0.600186
0.769927,0.759327,0.767728,0.751457,0.780271,0.763593,0.775416,0.769183,0.765208,0.773697,0.776749,0.770585,0.755843,0.760442,0.761738,0.763754,0.766544,0.773883,0.76876
0.847057,0.846652,0.852191,0.839103,0.834511,0.843575,0.852255,0.852047,0.84733,0.853435,0.853973,0.847447,0.838224,0.84553,0.846519,0.841768,0.848798,0.85039,0.848698
0.805914,0.810341,0.810532,0.796354,0.778728,0.79895,0.805092,0.812361,0.806943,0.805883,0.802794,0.805816,0.794151,0.809417,0.806209,0.798874,0.805439,0.804756,0.799017
0.48781,0.494984,0.496124,0.489211,0.473234,0.486291,0.48735,0.498169,0.494647,0.490152,0.486637,0.491034,0.488638,0.493772,0.493391,0.487376,0.492748,0.493973,0.48514
0.39798,0.402248,0.403083,0.397602,0.382409,0.396299,0.399275,0.404731,0.402243,0.401408,0.400375,0.3998,0.39765,0.402972,0.401507,0.397224,0.399437,0.405032,0.399875
0.115653,0.123226,0.124418,0.118161,0.101985,0.115441,0.116667,0.122926,0.122921,0.120295,0.117043,0.1196,0.113736,0.123353,0.122178,0.114195,0.121648,0.12252,0.118498
0.181111,0.176488,0.182033,0.176677,0.175046,0.180296,0.185114,0.179302,0.176956,0.18178,0.188354,0.180904,0.18529,0.177239,0.178181,0.177272,0.181111,0.188747,0.183253
0.0303684,0.0288789,0.0313542,0.0292149,0.0274502,0.0304762,0.0366257,0.0323631,0.0277217,0.0317831,0.0409569,0.0296454,0.0342409,0.0280813,0.0310097,0.0290713,0.0331146,0.0364722,0.0318067
0.0204673,0.0237658,0.0196609,0.0140716,0.0136988,0.0183572,0.0170377,0.0248525,0.0211046,0.0183866,0.0151099,0.0202499,0.0174122,0.028001,0.0173591,0.0236989,0.0179986,0.0164203,0.0148578
0.173396,0.170361,0.172386,0.169963,0.168789,0.168059,0.173153,0.171115,0.169878,0.170282,0.168041,0.173773,0.177756,0.176768,0.165201,0.173137,0.167813,0.171223,0.164292
0.32106,0.317966,0.319628,0.321258,0.329812,0.317158,0.319321,0.315845,0.314793,0.318408,0.318177,0.321942,0.315789,0.318234,0.317416,0.320107,0.316519,0.31805,0.315996
0.591584,0.588262,0.588615,0.588211,0.596972,0.587194,0.587928,0.585887,0.586287,0.586163,0.585552,0.590087,0.579622,0.591288,0.587514,0.590823,0.584251,0.587485,0.584312
0.820376,0.817084,0.820891,0.849826,0.820371,0.808719,0.811587,0.815582,0.814937,0.808333,0.810241,0.818177,0.8276,0.818904,0.810245,0.815991,0.811536,0.816321,0.809429
1.11553,1.11679,1.11721,1.25537,1.11912,1.1011,1.09378,1.10597,1.11505,1.10698,1.09019,1.11188,1.2259,1.1174,1.10653,1.10477,1.11372,1.22234,1.10431
1.35144,1.34649,1.35214,1.42615,1.34571,1.33697,1.3297,1.34136,1.35016,1.34126,1.32549,1.34912,1.40727,1.3475,1.33757,1.34187,1.34453,1.39891,1.333
1.59839,1.59438,1.59732,1.80962,1.62579,1.58454,1.57777,1.58998,1.60315,1.58769,1.55509,1.58718,1.75614,1.59929,1.58042,1.59317,1.58685,1.75085,1.57942
1.45785,1.45093,1.4633,1.73646,1.54089,1.45801,1.44292,1.46347,1.47088,1.45398,1.41956,1.45577,1.64816,1.46149,1.43907,1.46424,1.44688,1.64498,1.43962
1.27872,1.27072,1.28355,1.36788,1.26901,1.26979,1.25727,1.28099,1.28457,1.27414,1.26124,1.27733,1.2931,1.27815,1.26421,1.27932,1.27029,1.27241,1.26058
1.02479,1.01854,1.03097,1.18715,1.03233,1.01729,1.00196,1.02785,1.03164,1.02039,1.00786,1.02375,1.10128,1.02251,1.0117,1.02426,1.0177,1.09605,1.00701
0.737183,0.740895,0.738345,0.859511,0.736372,0.729394,0.722137,0.736109,0.732015,0.72965,0.720185,0.736818,0.770737,0.73802,0.733815,0.733803,0.734063,0.78248,0.725169
0.759558,0.768777,0.762,0.783088,0.768266,0.762426,0.754735,0.760825,0.762897,0.757873,0.749489,0.763218,0.751027,0.768096,0.765131,0.763784,0.760951,0.748997,0.760157
0.49507,0.501182,0.493082,0.517735,0.500839,0.495283,0.491165,0.494884,0.498028,0.495126,0.484169,0.494699,0.490532,0.499724,0.498186,0.49787,0.495533,0.490137,0.491602
0.459747,0.454293,0.450515,0.460128,0.466681,0.461471,0.453051,0.458927,0.461427,0.457767,0.442334,0.455055,0.452764,0.460943,0.457023,0.46265,0.457713,0.452067,0.452784
0.301892,0.296232,0.292085,0.300548,0.305582,0.301684,0.295367,0.299973,0.302398,0.301768,0.282801,0.29605,0.293668,0.298313,0.296151,0.30189,0.298142,0.292593,0.292379
0.223982,0.19773,0.185863,0.175993,0.204481,0.204434,0.192558,0.205365,0.202801,0.206025,0.218657,0.196055,0.186061,0.197279,0.191058,0.209504,0.190086,0.190749,0.193609
0.442852,0.412232,0.415661,0.413729,0.44521,0.4348,0.438188,0.423098,0.423469,0.435157,0.296029,0.414573,0.418168,0.416072,0.423624,0.434784,0.415769,0.432267,0.433879
0.411709,0.350417,0.362336,0.364669,0.425242,0.395751,0.421431,0.352991,0.356228,0.372828,0.403588,0.359741,0.369625,0.350919,0.361381,0.398898,0.353671,0.392687,0.396185
0.587048,0.539265,0.560079,0.571267,0.601862,0.582322,0.585964,0.537904,0.529937,0.556245,0.756762,0.541508,0.56552,0.537454,0.549575,0.580019,0.547543,0.575676,0.572914
0.858463,0.58107,0.579796,0.608524,0.857177,0.875477,0.626898,0.576055,0.579551,0.604296,0.966939,0.584679,0.604727,0.581299,0.558285,0.87698,0.56627,0.615902,0.852529
0.85011,0.72425,0.708816,0.742657,0.854018,0.862257,0.725716,0.729878,0.747975,0.72278,1.17354,0.73356,0.739379,0.743555,0.718584,0.862358,0.719126,0.710544,0.848994
0.841329,0.88399,0.87933,0.873486,0.844101,0.845649,0.91343,0.874308,0.878863,0.879047,1.03357,0.872482,0.937533,0.880828,0.878144,0.844042,0.880014,0.893469,0.848041
0.65082,0.715614,0.719211,0.697068,0.652777,0.654464,0.839274,0.696819,0.704814,0.715393,1.00117,0.7061,0.751841,0.709803,0.714746,0.651082,0.711475,0.732651,0.655802
0.918921,0.950238,0.944174,0.980686,0.91708,0.922581,0.998767,0.966324,0.942478,0.954999,1.194,0.946344,1.06114,0.943832,1.01258,0.923197,0.972641,0.987775,0.916943
1.01755,0.969211,0.962864,0.998259,1.02604,1.01932,0.931354,0.973543,0.97033,0.967136,1.11594,0.96149,1.13527,0.945778,1.00138,1.01513,0.980222,0.964791,1.02923
0.651255,0.659424,0.652232,0.676829,0.664306,0.652278,0.630313,0.669896,0.665451,0.648714,0.72119,0.646073,0.742567,0.656924,0.669024,0.646806,0.658842,0.633227,0.663304
0.527849,0.546377,0.53755,0.548544,0.54246,0.528814,0.601458,0.54664,0.53846,0.540826,0.866463,0.540277,0.656821,0.537439,0.555394,0.524361,0.546324,0.562453,0.53759
0.68849,0.732011,0.729175,0.70428,0.692296,0.688429,0.76565,0.724551,0.724436,0.732398,0.920319,0.717861,0.67942,0.734176,0.723655,0.686876,0.742765,0.68925,0.6935
0.546379,0.566831,0.560844,0.574388,0.539618,0.547337,0.56811,0.569923,0.566805,0.565161,0.586234,0.557855,0.514013,0.554347,0.580531,0.541876,0.565654,0.513623,0.542241
0.249876,0.256502,0.250267,0.260912,0.251868,0.25037,0.302867,0.256866,0.254389,0.254007,0.267435,0.251212,0.249126,0.25859,0.269948,0.248346,0.260674,0.231594,0.257315
0.0297913,0.0322201,0.028108,0.0345385,0.0281465,0.0289174,0.0724582,0.0346722,0.0283545,0.0317401,0.0546589,0.0289378,0.0209337,0.0343783,0.0461289,0.0286329,0.0389315,0.0327158,0.0381757
0.225489,0.225835,0.230504,0.222279,0.222986,0.226077,0.197023,0.223517,0.227864,0.227417,0.212514,0.228752,0.232491,0.221126,0.218177,0.229187,0.220417,0.246715,0.218016
0.427176,0.418595,0.425994,0.409894,0.416051,0.424973,0.405424,0.425447,0.426313,0.423068,0.410575,0.425336,0.412132,0.419677,0.408199,0.426621,0.417637,0.435246,0.419505
0.213978,0.204517,0.21194,0.19444,0.204129,0.210964,0.188215,0.208876,0.214349,0.210081,0.197184,0.211702,0.194836,0.205826,0.196232,0.212443,0.204343,0.21537,0.206621
0.202003,0.202216,0.211858,0.193137,0.190524,0.200894,0.175525,0.200993,0.202797,0.202678,0.190902,0.204995,0.201406,0.201223,0.200638,0.204223,0.201677,0.206646,0.197921
0.523311,0.528633,0.535336,0.518465,0.515977,0.524226,0.504808,0.529677,0.529195,0.52756,0.515835,0.528545,0.524653,0.527958,0.527988,0.527383,0.528206,0.533006,0.520997
0.541119,0.545717,0.547422,0.52584,0.53059,0.540795,0.529092,0.548859,0.545824,0.544006,0.540193,0.544584,0.531718,0.545224,0.545428,0.543797,0.54467,0.543646,0.537612
0.320512,0.325223,0.329833,0.3104,0.310954,0.318632,0.307664,0.327569,0.325838,0.325538,0.314809,0.324956,0.311984,0.32609,0.325966,0.320622,0.326184,0.323161,0.319326
0.441443,0.446866,0.454963,0.438811,0.432861,0.438707,0.427493,0.447456,0.447646,0.448821,0.429841,0.446743,0.437542,0.448631,0.449384,0.436575,0.449329,0.444156,0.436609
0.730915,0.739599,0.741304,0.726157,0.719416,0.729967,0.72586,0.741697,0.737254,0.73789,0.727177,0.737066,0.726841,0.738245,0.74204,0.732134,0.740139,0.735948,0.727689
0.592947,0.600784,0.601609,0.583728,0.581804,0.590797,0.586748,0.602579,0.598037,0.599195,0.59104,0.597958,0.586688,0.597808,0.604185,0.592614,0.602394,0.596653,0.588409
0.45545,0.463647,0.469444,0.454534,0.446218,0.45168,0.45418,0.462597,0.460885,0.461722,0.451228,0.460004,0.454393,0.459566,0.466132,0.452044,0.46569,0.460375,0.456946
0.740115,0.749342,0.755738,0.745916,0.732011,0.735875,0.744491,0.749325,0.746176,0.748873,0.738349,0.74628,0.744662,0.748054,0.752888,0.738801,0.748878,0.751512,0.738775
0.877329,0.885523,0.890388,0.881108,0.868133,0.877159,0.88094,0.887964,0.8807,0.886494,0.882749,0.882905,0.88983,0.883741,0.886879,0.877751,0.884117,0.889746,0.876238
0.661504,0.669289,0.674504,0.665814,0.653038,0.658395,0.661136,0.670224,0.666479,0.67174,0.663031,0.666733,0.66967,0.668156,0.669553,0.658218,0.668626,0.669695,0.65971
0.698616,0.705554,0.708605,0.707045,0.688021,0.697446,0.699202,0.707512,0.703659,0.703551,0.696928,0.699871,0.706518,0.70365,0.707501,0.699,0.704193,0.707713,0.695435
1.02334,1.03056,1.0332,1.03607,1.01186,1.01875,1.02467,1.0313,1.02851,1.02735,1.02469,1.02437,1.0364,1.02982,1.0303,1.02245,1.0289,1.03548,1.02168
1.00835,1.01522,1.01693,1.0214,0.996798,1.00558,1.01007,1.01759,1.01336,1.01463,1.01247,1.01177,1.0215,1.01457,1.01263,1.00876,1.01198,1.01778,1.00601
0.80337,0.811486,0.811866,0.81306,0.787669,0.801376,0.801646,0.812826,0.805459,0.807267,0.803889,0.806399,0.812968,0.808696,0.808223,0.803544,0.807231,0.810551,0.803702
0.959211,0.966975,0.966709,0.96415,0.940241,0.955948,0.957756,0.968195,0.963365,0.964186,0.957162,0.960754,0.965599,0.964916,0.964864,0.959805,0.962789,0.965094,0.959373
1.24515,1.25562,1.2502,1.2449,1.22186,1.2441,1.24785,1.25655,1.24582,1.25087,1.24294,1.24254,1.25075,1.2536,1.25336,1.24539,1.24983,1.24749,1.24547
1.10895,1.11696,1.11147,1.10254,1.08206,1.106,1.10757,1.11728,1.10621,1.1127,1.10642,1.10503,1.10875,1.11369,1.11598,1.10808,1.11265,1.10691,1.10645
1.02648,1.03471,1.03458,1.03361,1.00442,1.02663,1.02798,1.03912,1.02881,1.02985,1.02867,1.02995,1.03725,1.03627,1.02992,1.02979,1.03112,1.03547,1.02604
0.708722,0.718268,0.712473,0.716136,0.686147,0.707023,0.706691,0.719731,0.711308,0.712518,0.706636,0.708607,0.715594,0.71588,0.713786,0.709242,0.71255,0.714629,0.708792
0.51528,0.524989,0.522626,0.52862,0.495864,0.515064,0.516015,0.52357,0.518477,0.521075,0.513108,0.513254,0.523908,0.522268,0.517906,0.518421,0.520252,0.527309,0.515931
0.246459,0.254149,0.254886,0.257964,0.239018,0.246774,0.246558,0.255217,0.249675,0.250488,0.24845,0.243819,0.256577,0.254103,0.25072,0.247116,0.251153,0.258332,0.249664
0.0689303,0.0754873,0.0737976,0.085395,0.0621355,0.0700124,0.070206,0.0746609,0.074317,0.0745845,0.0706512,0.0699858,0.0846013,0.0779457,0.0749838,0.0695907,0.0742991,0.0813275,0.0717482
0.182401,0.172549,0.177599,0.162146,0.191047,0.17926,0.176028,0.175521,0.173487,0.178405,0.177811,0.178297,0.170442,0.174189,0.176349,0.181347,0.175659,0.170926,0.179662
0.0684048,0.0610875,0.0615783,0.0535972,0.0692476,0.0658176,0.0575376,0.0615343,0.0575852,0.0641411,0.0606561,0.0637411,0.0545365,0.0598131,0.0639822,0.0646547,0.0613922,0.0507359,0.0667085
0.315688,0.310004,0.314422,0.302237,0.321641,0.316157,0.311807,0.313,0.308395,0.317151,0.312504,0.31351,0.309341,0.308592,0.311998,0.3163,0.309979,0.30134,0.314681
0.427492,0.423488,0.424746,0.42614,0.427865,0.428021,0.444082,0.42651,0.423082,0.426742,0.426157,0.424972,0.428437,0.423335,0.420621,0.428792,0.421155,0.406944,0.426421
0.628543,0.621499,0.621866,0.624244,0.628235,0.62652,0.640033,0.625918,0.623585,0.62503,0.624594,0.626632,0.62836,0.623461,0.618253,0.628016,0.619175,0.607753,0.628114
0.369717,0.363459,0.355875,0.371026,0.374786,0.368427,0.37057,0.362102,0.36479,0.364907,0.364545,0.364267,0.367728,0.365907,0.359384,0.367729,0.359428,0.348998,0.368459
0.216453,0.196012,0.169481,0.212651,0.226286,0.216079,0.212679,0.192533,0.200718,0.187603,0.204406,0.196745,0.208296,0.195323,0.177187,0.21023,0.17869,0.179414,0.206716
0.325639,0.299503,0.286225,0.317888,0.332927,0.326609,0.305281,0.298668,0.303097,0.298987,0.301497,0.306746,0.30465,0.302156,0.283603,0.324686,0.290432,0.285705,0.31885
0.251148,0.224571,0.214503,0.245135,0.273921,0.26176,0.226524,0.216887,0.219416,0.222289,0.229241,0.230208,0.232162,0.225039,0.211702,0.261331,0.215398,0.219273,0.246486
0.253823,0.244968,0.254659,0.278364,0.271703,0.263829,0.266864,0.249735,0.243631,0.247388,0.2449,0.250699,0.266759,0.252356,0.238886,0.26194,0.242023,0.263639,0.255591
0.217873,0.21513,0.221568,0.24238,0.232156,0.228106,0.223634,0.21884,0.208236,0.217512,0.217372,0.220045,0.225648,0.224562,0.214458,0.225218,0.216049,0.218275,0.218357
0.226629,0.22131,0.241547,0.246653,0.226874,0.2321,0.256209,0.234241,0.21768,0.239411,0.2064,0.230727,0.239791,0.22118,0.223239,0.227624,0.223341,0.226748,0.238173
0.056039,0.0630947,0.0553345,0.0586791,0.0551093,0.0551371,0.0603763,0.0554711,0.0606139,0.055437,0.0680904,0.0559996,0.0554718,0.0691257,0.0660273,0.055041,0.0639156,0.0550901,0.0550633
0.174382,0.175656,0.161207,0.159678,0.162966,0.167576,0.162519,0.172786,0.180948,0.173053,0.175565,0.168775,0.162221,0.175043,0.176299,0.172002,0.173522,0.169707,0.171846
0.178036,0.175883,0.160595,0.151571,0.156974,0.178165,0.152646,0.17858,0.177113,0.171802,0.180631,0.176929,0.156457,0.175346,0.178153,0.177004,0.173787,0.157506,0.177405
0.126666,0.135505,0.13898,0.124872,0.11405,0.125953,0.128338,0.139245,0.137487,0.132401,0.13144,0.131183,0.130385,0.136347,0.140238,0.127461,0.136083,0.134599,0.127032
0.0950478,0.101972,0.099885,0.0933854,0.0850878,0.0957111,0.0989865,0.104429,0.105009,0.101191,0.0989416,0.0973702,0.0944454,0.10138,0.0991361,0.0947101,0.0979418,0.0993658,0.0948902
0.0792547,0.0888844,0.0888156,0.0799279,0.0745964,0.0832882,0.0898937,0.0881911,0.0903104,0.087968,0.0914214,0.0851036,0.0877687,0.0887227,0.0858001,0.0831575,0.0867676,0.0929321,0.0825559
0.16141,0.149338,0.151301,0.159441,0.167087,0.1569,0.149999,0.148931,0.150371,0.150657,0.148021,0.152804,0.152436,0.151331,0.152891,0.158791,0.152234,0.146965,0.16191
0.317152,0.304374,0.31002,0.30393,0.311869,0.314669,0.316631,0.304364,0.308586,0.317639,0.308929,0.312882,0.307214,0.311865,0.313311,0.319098,0.311659,0.30379,0.315799
0.0784801,0.064728,0.0657501,0.0739688,0.0897969,0.0809513,0.078796,0.0686145,0.0673724,0.0703271,0.0730377,0.0801193,0.0662907,0.065646,0.0689829,0.0808017,0.067678,0.0658732,0.0751663
0.296976,0.284864,0.289216,0.282363,0.309357,0.29712,0.300887,0.288792,0.288929,0.292278,0.293814,0.297979,0.286814,0.290078,0.2896,0.296713,0.289565,0.286257,0.293039
0.193754,0.184515,0.18926,0.172089,0.208482,0.191456,0.198272,0.185155,0.187914,0.189331,0.189706,0.193057,0.183164,0.191462,0.187804,0.191727,0.187682,0.179425,0.192666
0.129996,0.140123,0.134916,0.144074,0.118471,0.128561,0.127141,0.137688,0.130717,0.131595,0.129373,0.1252,0.137844,0.135774,0.133082,0.128571,0.13407,0.138933,0.130906
0.342689,0.355228,0.350489,0.360973,0.331573,0.344855,0.340314,0.353655,0.347974,0.34914,0.340273,0.337117,0.350285,0.349474,0.348658,0.346515,0.350923,0.349839,0.345253
0.648364,0.658844,0.653969,0.666365,0.635791,0.645596,0.640802,0.657914,0.649143,0.651504,0.64333,0.64299,0.656124,0.655851,0.652721,0.645889,0.651432,0.652992,0.65152
0.834689,0.843654,0.839874,0.857007,0.819973,0.829695,0.825229,0.843146,0.83574,0.83632,0.828691,0.828302,0.843157,0.839469,0.839841,0.831301,0.836685,0.840263,0.836447
0.994419,1.01035,1.00956,1.02729,0.993639,0.990436,0.985613,1.00801,0.998164,0.994163,0.994776,0.995756,1.01212,1.00582,1.00113,0.991391,1.00424,1.00714,0.993421
1.15488,1.16997,1.16981,1.19591,1.15176,1.15469,1.14647,1.17218,1.16019,1.15964,1.15557,1.15838,1.18119,1.16867,1.16398,1.15566,1.16488,1.17518,1.15881
1.01601,1.01948,1.01307,1.05715,1.00641,1.01305,0.992031,1.02454,1.01373,1.01672,1.00292,1.01003,1.04297,1.02421,1.01471,1.01201,1.01534,1.03806,1.01593
0.729282,0.73394,0.727612,0.776235,0.724174,0.72629,0.707408,0.737635,0.728533,0.731361,0.719063,0.723108,0.752363,0.732054,0.730677,0.726024,0.730876,0.746457,0.727216
0.448168,0.452374,0.451781,0.517931,0.461945,0.449233,0.435226,0.460631,0.448582,0.456663,0.438198,0.445816,0.48006,0.449856,0.453424,0.454329,0.451287,0.471184,0.450124
0.236952,0.241472,0.241906,0.289671,0.250481,0.239101,0.228892,0.246101,0.237398,0.242637,0.232699,0.237161,0.261693,0.247132,0.241362,0.241121,0.239358,0.253858,0.237732
0.0763429,0.0736533,0.0731274,0.0430566,0.0714617,0.0754478,0.0884879,0.0697973,0.073785,0.0703605,0.0838862,0.078253,0.0599558,0.069571,0.0760425,0.0733285,0.0785406,0.0616513,0.0744106
0.147618,0.145935,0.148911,0.113162,0.153485,0.147085,0.151604,0.144068,0.145014,0.143544,0.153358,0.151867,0.133101,0.145909,0.148021,0.145465,0.146877,0.13223,0.145738
0.430081,0.426085,0.430932,0.396371,0.438871,0.430312,0.429971,0.42614,0.429008,0.426004,0.431702,0.431194,0.418435,0.423769,0.426289,0.431454,0.428017,0.415208,0.426029
0.311858,0.30787,0.31346,0.282143,0.303792,0.305653,0.311798,0.305287,0.311105,0.31123,0.308303,0.316103,0.308057,0.31461,0.310198,0.308873,0.310804,0.297221,0.316226
0.329309,0.327088,0.328314,0.308656,0.31927,0.326199,0.327826,0.324969,0.323063,0.33595,0.324692,0.335558,0.325037,0.325833,0.33059,0.329378,0.335618,0.31882,0.328678
0.592835,0.593102,0.598103,0.582593,0.589186,0.589636,0.59339,0.5919,0.59493,0.589805,0.585942,0.598735,0.589056,0.596662,0.593203,0.592248,0.596077,0.587408,0.596617
0.679523,0.685145,0.695155,0.676512,0.672284,0.678724,0.683582,0.686727,0.682276,0.679264,0.670629,0.691206,0.679498,0.688071,0.684547,0.680875,0.687229,0.678501,0.681366
0.585614,0.59128,0.595162,0.590656,0.581886,0.583647,0.584494,0.590114,0.586077,0.588277,0.576979,0.591056,0.586757,0.588926,0.58724,0.583966,0.589419,0.581611,0.58491
0.30256,0.300985,0.301869,0.294375,0.297605,0.297208,0.301012,0.300512,0.300902,0.298741,0.293724,0.303695,0.298188,0.299126,0.298347,0.298829,0.301171,0.291511,0.298757
0.234314,0.236736,0.238365,0.218561,0.228033,0.232113,0.229369,0.23595,0.234124,0.233774,0.224612,0.240341,0.226359,0.23355,0.236005,0.233433,0.236915,0.221889,0.237061
0.0415214,0.0383866,0.0378278,0.0652296,0.0547862,0.0436265,0.0438024,0.0423545,0.0412818,0.0445026,0.0518965,0.0369758,0.052226,0.0418774,0.0412977,0.0423382,0.0392291,0.0598004,0.0393633
0.054159,0.0540706,0.0560568,0.0753284,0.0726311,0.0584968,0.0632092,0.0552829,0.0572684,0.0605753,0.0583414,0.0529422,0.0656973,0.0574117,0.0583913,0.0584342,0.0566354,0.0689432,0.0546814
0.198242,0.19597,0.197763,0.23213,0.215809,0.202143,0.20285,0.203581,0.198533,0.204476,0.198668,0.198804,0.215535,0.200651,0.20119,0.202028,0.198929,0.219183,0.199622
0.0710859,0.0746847,0.0739466,0.0468194,0.0561428,0.0687284,0.0677702,0.06797,0.0757654,0.0641163,0.0704811,0.0725856,0.0588907,0.0709181,0.0687034,0.0707159,0.0711581,0.0562232,0.0727993
0.259135,0.263086,0.262701,0.239761,0.241921,0.257659,0.250472,0.258306,0.260637,0.25417,0.262311,0.258969,0.253032,0.26124,0.253541,0.257103,0.257458,0.24867,0.25848
0.100438,0.105812,0.0963749,0.0753855,0.0842956,0.0952869,0.0928795,0.0974847,0.101367,0.0927787,0.102658,0.102881,0.0834605,0.101687,0.0943409,0.0959827,0.0972118,0.0825799,0.0996958
0.082385,0.0839691,0.0773028,0.0473034,0.0636315,0.0785588,0.0756081,0.0751497,0.0802481,0.0736382,0.0811799,0.0805028,0.0592115,0.080255,0.0798658,0.0797229,0.0778999,0.0606594,0.0843295
0.238696,0.239956,0.242003,0.299556,0.264689,0.244334,0.239209,0.247322,0.239451,0.242267,0.241636,0.239195,0.273251,0.245041,0.236779,0.243274,0.238925,0.269962,0.24083
0.283012,0.286201,0.285872,0.344476,0.3021,0.286949,0.27515,0.292852,0.282665,0.286087,0.28069,0.284565,0.311078,0.291094,0.282776,0.285853,0.285753,0.305853,0.284717
0.605763,0.60949,0.607889,0.660262,0.616215,0.605135,0.595998,0.614861,0.604333,0.604241,0.599446,0.605064,0.634506,0.614145,0.605043,0.607186,0.607401,0.62834,0.606935
0.576607,0.581335,0.581154,0.615394,0.588566,0.577069,0.565622,0.584516,0.575582,0.579737,0.572796,0.575694,0.59603,0.585994,0.581604,0.577918,0.577772,0.59303,0.57567
0.724742,0.72979,0.730291,0.757196,0.725892,0.723179,0.715491,0.731004,0.726673,0.725871,0.717649,0.722136,0.743992,0.731138,0.725641,0.724583,0.725364,0.738927,0.722575
0.739463,0.744121,0.746081,0.760064,0.730925,0.738409,0.733565,0.748232,0.741657,0.748462,0.734115,0.741039,0.757309,0.746506,0.743154,0.741064,0.742926,0.753697,0.740446
0.719522,0.723315,0.724438,0.741772,0.716159,0.719274,0.716382,0.726364,0.72269,0.726042,0.717105,0.718527,0.738451,0.724643,0.722298,0.721904,0.721475,0.737036,0.718803
0.395709,0.401401,0.398631,0.416713,0.396394,0.398141,0.390739,0.40202,0.396486,0.400256,0.395374,0.392933,0.409725,0.397529,0.398237,0.397526,0.398389,0.411857,0.39162
0.368563,0.374951,0.371441,0.383505,0.368075,0.369893,0.366577,0.374888,0.375046,0.372379,0.368763,0.369044,0.381474,0.372751,0.371862,0.371313,0.371179,0.381581,0.368901
0.52525,0.529596,0.528534,0.537366,0.525284,0.526174,0.523639,0.531297,0.529412,0.527993,0.526372,0.525612,0.535754,0.529445,0.527872,0.528196,0.526689,0.540495,0.52494
0.302836,0.306003,0.306217,0.318316,0.304087,0.307366,0.302208,0.30782,0.308545,0.308388,0.307465,0.304297,0.313967,0.30664,0.305742,0.309335,0.303348,0.317611,0.300091
0.0680882,0.0693623,0.0706443,0.0790544,0.0673846,0.0688176,0.0631021,0.0693144,0.0723086,0.0715443,0.0701166,0.0671534,0.072098,0.0709813,0.069535,0.0679091,0.0685088,0.0788484,0.0655577
0.231875,0.23142,0.232134,0.235957,0.229885,0.228974,0.220494,0.231549,0.234819,0.229522,0.229425,0.226578,0.232513,0.229832,0.231703,0.232891,0.232724,0.237306,0.229695
0.252254,0.252487,0.252813,0.258045,0.252563,0.252738,0.239456,0.253267,0.256136,0.251411,0.252967,0.247875,0.255983,0.257109,0.252466,0.255623,0.251479,0.260475,0.250916
0.0659049,0.0683552,0.0704906,0.065062,0.0654333,0.0655896,0.081452,0.0676097,0.0665423,0.0664595,0.0643952,0.071536,0.066915,0.0681955,0.069072,0.0648268,0.0694701,0.0613222,0.0679877
0.0991619,0.102896,0.104778,0.103832,0.104447,0.103934,0.139662,0.10629,0.0995132,0.105249,0.106592,0.106976,0.1051,0.10794,0.108008,0.103427,0.107811,0.102569,0.105346
0.109319,0.103943,0.103382,0.100943,0.100992,0.104841,0.0756768,0.103131,0.108328,0.100051,0.0952047,0.100873,0.101311,0.100062,0.0991924,0.104957,0.0995581,0.103017,0.103357
0.0449446,0.0517296,0.0518263,0.0460029,0.0491832,0.044698,0.0674197,0.0481095,0.0456988,0.050732,0.0438904,0.0493537,0.0483064,0.0488159,0.0539803,0.043923,0.0555099,0.0463776,0.0502388
0.321605,0.332403,0.334913,0.327654,0.33075,0.326436,0.342698,0.328352,0.323605,0.331765,0.319856,0.330013,0.331411,0.332009,0.336307,0.324532,0.336059,0.329668,0.32685
0.196529,0.203856,0.203121,0.210039,0.207233,0.198482,0.25104,0.204735,0.201535,0.204776,0.204184,0.207196,0.219416,0.208337,0.212596,0.19532,0.208497,0.217726,0.205011
0.0456283,0.0514671,0.0504791,0.0556642,0.0544915,0.0465528,0.0956499,0.0507612,0.0481159,0.0520599,0.0497135,0.0518274,0.0620936,0.0530217,0.056544,0.0445979,0.0558218,0.0629164,0.0506141
0.264797,0.277899,0.277423,0.277551,0.279652,0.268861,0.287451,0.27617,0.267579,0.274021,0.264285,0.274723,0.284407,0.277625,0.282367,0.265176,0.281571,0.283473,0.273016
0.518691,0.529662,0.529346,0.533799,0.536276,0.520877,0.540139,0.530266,0.522732,0.527577,0.518514,0.527667,0.543631,0.533345,0.535933,0.518047,0.5333,0.540301,0.525815
0.635955,0.664643,0.658355,0.642585,0.656132,0.638936,0.64853,0.650265,0.644,0.65615,0.631363,0.647479,0.647455,0.644454,0.669221,0.636083,0.664754,0.650912,0.647701
0.715238,0.723432,0.724269,0.707237,0.733752,0.717773,0.721983,0.725864,0.72086,0.728465,0.710594,0.722936,0.721144,0.722553,0.728274,0.715085,0.724932,0.724808,0.721113
0.663242,0.688529,0.682755,0.677242,0.669391,0.663127,0.667659,0.67383,0.662149,0.675366,0.663046,0.672305,0.679284,0.672983,0.689016,0.661677,0.684324,0.676535,0.668052
0.475969,0.504841,0.498617,0.492379,0.480162,0.476847,0.477275,0.488497,0.476146,0.489283,0.477438,0.485601,0.490494,0.487899,0.504262,0.475769,0.499798,0.487405,0.487131
0.530022,0.549798,0.549732,0.544806,0.530616,0.530232,0.526359,0.542151,0.533646,0.542688,0.526448,0.540785,0.538001,0.539883,0.549213,0.52964,0.544863,0.534701,0.534887
0.831421,0.865421,0.86098,0.85551,0.838336,0.831034,0.826273,0.850894,0.837157,0.847791,0.829689,0.845922,0.8473,0.848904,0.861554,0.829151,0.854131,0.84183,0.837921
0.906021,0.931915,0.937592,0.909792,0.901425,0.90615,0.895352,0.922403,0.910892,0.917952,0.897316,0.924961,0.91875,0.922956,0.925044,0.903852,0.924245,0.914331,0.911221
1.19565,1.21516,1.22938,1.19729,1.18524,1.1871,1.16885,1.20343,1.19674,1.21037,1.18239,1.21173,1.21452,1.20917,1.21199,1.18491,1.21345,1.21166,1.19741
1.06649,1.08146,1.09096,1.0615,1.04429,1.06546,1.04753,1.0797,1.07236,1.07049,1.05228,1.08203,1.06977,1.07997,1.07532,1.06751,1.07572,1.07294,1.06922
0.772628,0.783467,0.792923,0.759081,0.762727,0.774577,0.762927,0.782704,0.782614,0.777899,0.756451,0.789901,0.776869,0.783626,0.777299,0.777798,0.782689,0.772628,0.775677
0.761501,0.776481,0.789923,0.751711,0.733464,0.765487,0.745702,0.775763,0.775513,0.770018,0.751843,0.782255,0.761765,0.77669,0.770189,0.769496,0.773223,0.762711,0.767066
0.860192,0.877478,0.889206,0.858293,0.843442,0.85783,0.83807,0.87403,0.871262,0.868973,0.848098,0.880179,0.872897,0.874932,0.871975,0.85872,0.872874,0.873204,0.86043
0.652247,0.664328,0.672968,0.647468,0.6412,0.650728,0.640616,0.663033,0.656707,0.656257,0.639591,0.667166,0.660455,0.664021,0.661684,0.652,0.663683,0.656007,0.658796
0.413012,0.42859,0.431403,0.401236,0.399292,0.412078,0.400005,0.421057,0.418209,0.41581,0.397833,0.425043,0.410272,0.424286,0.423734,0.412374,0.423897,0.408642,0.420942
0.553904,0.570111,0.57918,0.555039,0.548282,0.551845,0.534299,0.5653,0.563475,0.559176,0.537199,0.570149,0.562869,0.567035,0.565427,0.553053,0.56753,0.561693,0.562313
0.564256,0.575482,0.590016,0.572554,0.560114,0.564238,0.55265,0.578462,0.572237,0.572013,0.552606,0.580531,0.580489,0.577288,0.575601,0.56473,0.57761,0.578549,0.575077
0.253504,0.266283,0.2721,0.25302,0.244944,0.252577,0.24502,0.263532,0.258705,0.258964,0.243943,0.264985,0.261791,0.264179,0.263302,0.251987,0.264902,0.256739,0.260046
0.190638,0.207161,0.210861,0.191976,0.185141,0.190435,0.178964,0.201505,0.199562,0.197731,0.179996,0.201935,0.198802,0.202732,0.202975,0.189832,0.201929,0.19597,0.198791
0.348002,0.362425,0.371502,0.357899,0.347493,0.348195,0.335371,0.363259,0.355501,0.353824,0.333702,0.366948,0.370569,0.363339,0.356579,0.348504,0.360175,0.367768,0.356102
0.12996,0.138889,0.146998,0.140953,0.135235,0.13159,0.121705,0.141338,0.13541,0.1355,0.124324,0.142604,0.142109,0.141037,0.13255,0.130096,0.139094,0.138532,0.136384
0.151466,0.137011,0.131912,0.148067,0.161846,0.150114,0.157919,0.139122,0.142192,0.146793,0.16563,0.136142,0.141089,0.140945,0.142691,0.152989,0.138286,0.146977,0.135261
0.0844838,0.0651356,0.0664071,0.0885824,0.104267,0.0871579,0.106319,0.0736324,0.0743445,0.0825034,0.0990795,0.0692595,0.0737331,0.0739318,0.0687341,0.0932271,0.0724247,0.0820662,0.0743896
0.0545572,0.0341401,0.0311277,0.0650119,0.0787021,0.0569767,0.0780119,0.0419041,0.0404114,0.0445771,0.0597369,0.0387631,0.0591848,0.0383421,0.0380078,0.059655,0.0399427,0.0668739,0.0394293
0.345298,0.326163,0.325848,0.362693,0.379515,0.347901,0.367214,0.338798,0.330855,0.337015,0.344937,0.333476,0.357774,0.334076,0.33091,0.351721,0.331065,0.365965,0.335054
0.494878,0.481572,0.483353,0.512427,0.515834,0.497786,0.509909,0.490905,0.490275,0.493578,0.502675,0.488092,0.505901,0.487669,0.485613,0.500618,0.486635,0.510953,0.484279
0.26807,0.252704,0.253095,0.285941,0.29164,0.27102,0.283329,0.26311,0.261747,0.266642,0.271552,0.259959,0.283896,0.258288,0.257639,0.272475,0.258327,0.287342,0.259365
0.331169,0.319071,0.314601,0.346264,0.359147,0.335151,0.354227,0.325645,0.316829,0.324044,0.318777,0.320946,0.362083,0.326238,0.327064,0.331768,0.321549,0.368009,0.329767
0.642594,0.629438,0.632142,0.668329,0.669931,0.64433,0.660168,0.639491,0.630377,0.638829,0.635378,0.637045,0.670918,0.637381,0.637435,0.645116,0.633617,0.669685,0.635357
0.600554,0.587481,0.592267,0.636476,0.629973,0.603534,0.610205,0.601426,0.592235,0.602236,0.600736,0.601063,0.619228,0.597603,0.593358,0.604287,0.59345,0.621425,0.594898
0.412778,0.403804,0.403142,0.455747,0.460051,0.420054,0.423677,0.415986,0.407188,0.422317,0.414658,0.410881,0.446695,0.411391,0.405961,0.420656,0.405405,0.442688,0.403875
0.6399,0.630698,0.630976,0.683078,0.687119,0.649296,0.652382,0.645298,0.633752,0.64578,0.639739,0.63548,0.681965,0.639431,0.635087,0.651638,0.632356,0.675547,0.633008
0.887782,0.878414,0.882926,0.940576,0.921638,0.891235,0.893559,0.895347,0.881232,0.892793,0.883819,0.888375,0.924825,0.889168,0.887548,0.893536,0.88349,0.91842,0.883779
0.75613,0.745806,0.753669,0.811872,0.791995,0.757026,0.756901,0.760499,0.749318,0.761498,0.75026,0.757552,0.790723,0.757209,0.757292,0.758279,0.753201,0.785683,0.749924
0.631983,0.627413,0.627885,0.667762,0.671227,0.629275,0.634408,0.634438,0.623229,0.633783,0.61478,0.633555,0.658788,0.639371,0.640901,0.631063,0.634123,0.653047,0.635894
0.347805,0.34322,0.34442,0.380091,0.377812,0.343242,0.35731,0.347176,0.340704,0.348855,0.330727,0.348512,0.369817,0.347179,0.354062,0.342193,0.349908,0.368583,0.349372
0.157117,0.148077,0.142675,0.121991,0.0879348,0.116465,0.179786,0.145581,0.135154,0.131239,0.0888382,0.154396,0.091311,0.167985,0.158444,0.090358,0.152488,0.117534,0.155274
0.123586,0.132518,0.142788,0.103978,0.0922573,0.116709,0.104015,0.124193,0.127458,0.123904,0.124013,0.128889,0.118595,0.123437,0.113226,0.119924,0.125206,0.106629,0.125962
0.428575,0.437155,0.453132,0.406882,0.32326,0.422824,0.405301,0.427849,0.432797,0.426466,0.414924,0.436498,0.427388,0.427562,0.419625,0.423075,0.434989,0.413722,0.429975
0.571474,0.588277,0.609531,0.570739,0.433989,0.575425,0.550137,0.581511,0.580324,0.572456,0.54704,0.587477,0.619062,0.577513,0.573877,0.574963,0.586332,0.595756,0.575926
0.806154,0.820663,0.838943,0.767331,0.652483,0.812277,0.78364,0.814943,0.803634,0.796991,0.753084,0.823523,0.840984,0.809022,0.808273,0.809553,0.820095,0.827555,0.810768
0.602625,0.621084,0.624434,0.576354,0.583358,0.602619,0.572691,0.609828,0.607078,0.603066,0.569696,0.612591,0.61761,0.605632,0.608885,0.60025,0.617927,0.612092,0.603418
0.607101,0.6336,0.643489,0.543833,0.510515,0.600933,0.576817,0.614438,0.604837,0.604771,0.541664,0.622853,0.646182,0.618761,0.624241,0.595818,0.6361,0.62199,0.614417
0.900242,0.921351,0.90048,0.836425,0.733089,0.894497,0.861225,0.899675,0.878659,0.878281,0.834044,0.887922,0.898689,0.920022,0.913984,0.875422,0.908918,0.890525,0.910168
0.839379,0.861953,0.862488,0.825654,0.757724,0.836065,0.812875,0.851885,0.84212,0.830624,0.790979,0.851791,0.846133,0.858993,0.857461,0.829864,0.857599,0.851879,0.850144
0.541678,0.559428,0.567171,0.518481,0.493936,0.535232,0.516627,0.548144,0.546488,0.541279,0.486526,0.554885,0.535066,0.555786,0.554516,0.529832,0.556122,0.544026,0.548143
0.519931,0.534495,0.544821,0.523055,0.470337,0.520948,0.491533,0.534801,0.532423,0.525646,0.478129,0.536081,0.538653,0.534053,0.533143,0.518146,0.534556,0.536367,0.526118
0.274109,0.287525,0.293815,0.27947,0.252162,0.271256,0.250061,0.2839,0.283722,0.277104,0.248407,0.286647,0.291589,0.285822,0.285179,0.26921,0.287581,0.29041,0.280102
0.199873,0.210758,0.218658,0.205691,0.20659,0.196084,0.183472,0.206609,0.202437,0.19832,0.181213,0.212101,0.217544,0.212065,0.205041,0.190851,0.208906,0.219611,0.206968
0.0492059,0.0324606,0.024936,0.0373934,0.0327375,0.0517578,0.0781243,0.0345058,0.0440691,0.0484161,0.0669569,0.0282087,0.0255328,0.0318724,0.0415876,0.0596168,0.035849,0.0234161,0.0419421
0.208089,0.190801,0.19127,0.181607,0.195324,0.196976,0.219537,0.189877,0.19408,0.194229,0.209007,0.192939,0.203005,0.187999,0.195691,0.20477,0.192622,0.2072,0.195096
0.0968914,0.0894854,0.0773696,0.039552,0.0414151,0.0911414,0.10842,0.0745656,0.089289,0.0788721,0.110724,0.0799154,0.0698048,0.0821397,0.0888468,0.0942176,0.085286,0.0786309,0.0896308
0.271193,0.250613,0.253927,0.22654,0.228049,0.268912,0.274943,0.257913,0.260664,0.256981,0.26886,0.259476,0.244522,0.258518,0.251713,0.274934,0.251065,0.251146,0.262139
0.208514,0.183464,0.191714,0.182844,0.17564,0.208238,0.197039,0.198047,0.198401,0.199759,0.201344,0.197543,0.181741,0.196642,0.185797,0.216502,0.183578,0.183585,0.187854
0.141824,0.120961,0.121049,0.131813,0.107014,0.142397,0.140063,0.123218,0.128785,0.129878,0.127336,0.124034,0.132289,0.131376,0.122698,0.148689,0.115312,0.128858,0.128559
0.156493,0.158964,0.165385,0.15546,0.159511,0.153017,0.14633,0.164309,0.15944,0.162283,0.15534,0.164442,0.148346,0.161998,0.156687,0.151446,0.161658,0.153737,0.155103
0.258627,0.265817,0.268485,0.260557,0.274881,0.25535,0.252949,0.267253,0.260328,0.265232,0.258388,0.267004,0.256948,0.267615,0.264805,0.252589,0.26664,0.263409,0.262817
0.180688,0.189061,0.191351,0.184226,0.20633,0.181428,0.184418,0.188459,0.186472,0.189397,0.180412,0.186158,0.186692,0.189302,0.190473,0.177486,0.191329,0.191125,0.186364
0.399362,0.408306,0.407989,0.405552,0.445656,0.41094,0.408845,0.414287,0.409566,0.412447,0.397682,0.402441,0.439704,0.409673,0.410096,0.403413,0.410296,0.437433,0.406205
0.454498,0.466862,0.465107,0.475523,0.477501,0.470856,0.473438,0.469498,0.462004,0.474143,0.440557,0.459064,0.49178,0.459582,0.466735,0.464619,0.469414,0.503756,0.468243
0.552313,0.565983,0.564262,0.57086,0.575163,0.567263,0.580848,0.567771,0.5581,0.568507,0.530052,0.556842,0.597074,0.560805,0.565976,0.562969,0.568292,0.602196,0.562468
0.30735,0.319745,0.317922,0.320815,0.312462,0.309665,0.330473,0.31849,0.311522,0.313598,0.292858,0.311489,0.337636,0.317795,0.322037,0.307024,0.323379,0.335972,0.316456
0.0771125,0.0853953,0.0851463,0.0862376,0.078704,0.0780196,0.0988894,0.0838494,0.0789294,0.0801558,0.0722639,0.0788191,0.102743,0.0808912,0.0867481,0.0760108,0.0878528,0.0985478,0.080472
0.0382557,0.0135992,0.0174385,0.0168911,0.039293,0.0357638,0.0581669,0.0157943,0.0212772,0.0322109,0.0582347,0.0262849,0.04381,0.0140057,0.0121027,0.0344564,0.0156741,0.0279157,0.0215859
0.0936812,0.0762394,0.085603,0.0738197,0.0999609,0.0930511,0.0559543,0.0796401,0.0831153,0.0888743,0.108186,0.0900075,0.0596866,0.0801213,0.0711314,0.0937121,0.0738565,0.0672755,0.0817368
0.260289,0.245283,0.250902,0.244963,0.248192,0.257814,0.215771,0.248449,0.250761,0.25189,0.275421,0.252883,0.221864,0.25061,0.241167,0.260356,0.243732,0.23234,0.249721
0.570436,0.562394,0.566781,0.562443,0.549769,0.569091,0.532654,0.564106,0.564386,0.563626,0.577763,0.564258,0.546062,0.563944,0.557053,0.572974,0.560739,0.555054,0.560966
0.800867,0.790409,0.794197,0.795219,0.782249,0.797945,0.77154,0.795367,0.796099,0.796099,0.805711,0.796117,0.787314,0.792577,0.786072,0.804501,0.786772,0.792599,0.784717
0.908405,0.903491,0.907775,0.904849,0.900998,0.90771,0.883139,0.907015,0.906895,0.906466,0.906502,0.903489,0.902795,0.910261,0.900225,0.910801,0.899626,0.914587,0.900797
0.619846,0.611128,0.614287,0.612221,0.609844,0.615672,0.590392,0.61303,0.614569,0.617052,0.619273,0.614646,0.609895,0.613532,0.607877,0.617674,0.608105,0.618205,0.607526
0.58138,0.567434,0.56931,0.57582,0.569063,0.577854,0.554944,0.573483,0.576013,0.576648,0.589995,0.573264,0.569291,0.572159,0.568023,0.58196,0.564136,0.575916,0.569884
0.874603,0.862723,0.865359,0.872584,0.869099,0.87267,0.852471,0.868921,0.872009,0.872711,0.875353,0.867413,0.875879,0.869345,0.862435,0.877566,0.85967,0.879958,0.864668
0.827716,0.820433,0.821691,0.821448,0.816768,0.824602,0.801311,0.824363,0.825348,0.821974,0.820766,0.822248,0.825999,0.822323,0.818258,0.827138,0.818513,0.831209,0.817482
